company,guessed_email,website,domain,note
Richest Technologies Pvt. Ltd.,hr@richestsoft.com,https://richestsoft.com/,richestsoft.com,guess_only_verify_before_contact
Richest Technologies Pvt. Ltd.,careers@richestsoft.com,https://richestsoft.com/,richestsoft.com,guess_only_verify_before_contact
Richest Technologies Pvt. Ltd.,jobs@richestsoft.com,https://richestsoft.com/,richestsoft.com,guess_only_verify_before_contact
Richest Technologies Pvt. Ltd.,talent@richestsoft.com,https://richestsoft.com/,richestsoft.com,guess_only_verify_before_contact
Richest Technologies Pvt. Ltd.,recruitment@richestsoft.com,https://richestsoft.com/,richestsoft.com,guess_only_verify_before_contact
Richest Technologies Pvt. Ltd.,recruiter@richestsoft.com,https://richestsoft.com/,richestsoft.com,guess_only_verify_before_contact
Richest Technologies Pvt. Ltd.,hiring@richestsoft.com,https://richestsoft.com/,richestsoft.com,guess_only_verify_before_contact
Richest Technologies Pvt. Ltd.,people@richestsoft.com,https://richestsoft.com/,richestsoft.com,guess_only_verify_before_contact
Richest Technologies Pvt. Ltd.,peopleops@richestsoft.com,https://richestsoft.com/,richestsoft.com,guess_only_verify_before_contact
Richest Technologies Pvt. Ltd.,workwithus@richestsoft.com,https://richestsoft.com/,richestsoft.com,guess_only_verify_before_contact
"windowit technologies pvt ltd, first floor Sector 65",hr@windowit.in,https://www.windowit.in/,windowit.in,guess_only_verify_before_contact
"windowit technologies pvt ltd, first floor Sector 65",careers@windowit.in,https://www.windowit.in/,windowit.in,guess_only_verify_before_contact
"windowit technologies pvt ltd, first floor Sector 65",jobs@windowit.in,https://www.windowit.in/,windowit.in,guess_only_verify_before_contact
"windowit technologies pvt ltd, first floor Sector 65",talent@windowit.in,https://www.windowit.in/,windowit.in,guess_only_verify_before_contact
"windowit technologies pvt ltd, first floor Sector 65",recruitment@windowit.in,https://www.windowit.in/,windowit.in,guess_only_verify_before_contact
"windowit technologies pvt ltd, first floor Sector 65",recruiter@windowit.in,https://www.windowit.in/,windowit.in,guess_only_verify_before_contact
"windowit technologies pvt ltd, first floor Sector 65",hiring@windowit.in,https://www.windowit.in/,windowit.in,guess_only_verify_before_contact
"windowit technologies pvt ltd, first floor Sector 65",people@windowit.in,https://www.windowit.in/,windowit.in,guess_only_verify_before_contact
"windowit technologies pvt ltd, first floor Sector 65",peopleops@windowit.in,https://www.windowit.in/,windowit.in,guess_only_verify_before_contact
"windowit technologies pvt ltd, first floor Sector 65",workwithus@windowit.in,https://www.windowit.in/,windowit.in,guess_only_verify_before_contact
Learning Routes Pvt Ltd,hr@learningroutes.in,https://www.learningroutes.in/,learningroutes.in,guess_only_verify_before_contact
Learning Routes Pvt Ltd,careers@learningroutes.in,https://www.learningroutes.in/,learningroutes.in,guess_only_verify_before_contact
Learning Routes Pvt Ltd,jobs@learningroutes.in,https://www.learningroutes.in/,learningroutes.in,guess_only_verify_before_contact
Learning Routes Pvt Ltd,talent@learningroutes.in,https://www.learningroutes.in/,learningroutes.in,guess_only_verify_before_contact
Learning Routes Pvt Ltd,recruitment@learningroutes.in,https://www.learningroutes.in/,learningroutes.in,guess_only_verify_before_contact
Learning Routes Pvt Ltd,recruiter@learningroutes.in,https://www.learningroutes.in/,learningroutes.in,guess_only_verify_before_contact
Learning Routes Pvt Ltd,hiring@learningroutes.in,https://www.learningroutes.in/,learningroutes.in,guess_only_verify_before_contact
Learning Routes Pvt Ltd,people@learningroutes.in,https://www.learningroutes.in/,learningroutes.in,guess_only_verify_before_contact
Learning Routes Pvt Ltd,peopleops@learningroutes.in,https://www.learningroutes.in/,learningroutes.in,guess_only_verify_before_contact
Learning Routes Pvt Ltd,workwithus@learningroutes.in,https://www.learningroutes.in/,learningroutes.in,guess_only_verify_before_contact
